UserID,Uclass,Age,Sex,Estate,HousingPrice,MeanPrice,HousingRate,January,Feburary,March,April,May,June,July,August,September,October,November,December,ComplaintTime
4862882,1,,,龙凤矿前996,996,3609,1,25.87,13.99,44.88,17.51,50.49,23.2,35.04,30.34,34.99,62.09,67.26,76.2,7
7014079565,3,,男,歌洋馨雨园2857,2857,6993,1,538.54,487.8,681.23,399.95,643.59,377.26,632.57,762.89,496.96,952.52,1222.63,832.06,10
8129684750,1,44,男,盛和林业小区1800,1800,4321,1,190.32,269.87,141.82,140.31,115.33,122.3,87.37,90.93,95.65,165.46,114.03,110.26,10
7567652967,2,,,丰乐家园4570,4570,9352,1,224.04,213.66,230.2,205.38,206.96,154.13,212.67,203.71,219.21,296.97,261.27,318.43,11
4616014,1,,,油机小区1805,1805,3609,1,3.87,1.26,14.32,645.88,1107.74,638.75,871.25,795.7,685.31,705.92,714.57,927.98,10
4618485,1,,,油机小区1805,1805,3609,1,202.28,238.82,201.35,159.08,135.35,116.04,112.38,103.68,103.78,165.54,155.59,183,11
8624103897,1,46,男,山水俪城小区3039,3039,6057,1,185.24,220.5,221.36,206.22,171.91,159.97,175.7,157.7,154.23,162.32,146,134.13,10
6820250364,3,69,男,金穗馨城3246,3246,6160,1,346.52,138.58,14.18,0.07,0,0.01,0.02,237.3,183.25,357.75,313.22,422.77,10
261152858,1,,,向工小区5659,5659,10693,1,350.03,293.65,250.47,210.37,184.77,132.32,131.93,120.84,109.19,139.81,178.94,376.39,11
308840256,3,,,南岭9599,9599,17589,1,1336.21,698.3,1208.87,1470.6,1605.9,1618.59,1596.26,1488.89,1399.65,1345.19,1365.95,1616.77,9
111236350,1,,,云翔小区1912,1912,3454,1,644.83,392.3,133.94,74.5,64.17,59.04,67.61,109.62,59.84,66.75,69.84,75.47,11
111583427,1,,,地税小区2323,2323,4185,1,5,4.66,5.03,4.83,4.99,4.35,4.36,4.43,4.23,4.4,4.29,4.52,10
253867157,4,,,桃园小区5296,5296,9371,1,10241.7,5732.7,7664.7,7503.9,6552.3,14199.9,15078,20457.9,10451.4,12603.6,10603.8,15864.3,4
753104230,1,62,女,凌钢东区2891,2891,5094,1,50.65,71.68,61.88,60.98,69.85,36.68,26.34,22.84,5.77,15.19,30.43,91.96,11
8260546838,1,53,男,市政2432,2432,4246,1,1.34,0.69,16.93,25.3,111.33,104.9,138.03,138.77,104.55,132.19,124.12,132.57,8
259442271,1,,,钢花小区5430,5430,9420,1,0,0,33.12,99.99,50.83,0,0,0,103.26,71.43,22.66,75.03,8
8001213782,1,56,女,协和一期8678,8678,14548,1,358.38,0,4.29,15.18,48.59,168.6,217.94,136.57,86.46,242.11,398.82,547.49,11
8001215573,1,53,男,协和一期8678,8678,14548,1,311.39,0,0.02,47.3,35.09,173.51,331.08,317.89,170.57,176.29,421.41,292.16,12
8001216127,1,37,男,协和一期8678,8678,14548,1,334.54,3.84,132.42,32.93,95.94,191.05,307.24,248.28,154.07,197.41,227.19,362.61,11
8001219937,1,52,男,协和一期8678,8678,14548,1,462.83,0,0,244.38,144.41,305.93,221.87,213.98,134.35,315.25,536.95,829.49,11
51388573,1,,,银杏家园小区4357,4357,7253,2,185.3,170.72,191.43,247.28,154.29,129.85,162.9,163.15,157.62,227.53,174.55,208.38,4
196271055,1,,,海河小区2337,2337,3890,2,109.08,117.74,109.15,107.25,108.63,99.37,112.72,110.86,100.41,107.06,102.09,97.64,8
4790336,1,,,搭连小区2173,2173,3609,2,409.96,373.1,365.42,290.1,239.32,224.26,177.42,175.33,197.12,264.36,297.98,355.59,7
4795041,3,,,搭连小区2173,2173,3609,2,516.71,466.47,491.3,499.15,628.34,789.34,957.32,951.79,680.32,555.14,566.41,1394.03,5
250808425,1,,,世博小区5769,5769,9420,2,45.78,33.97,0,23.68,85.07,118.82,166.31,159.51,121.66,153.5,146.51,169.3,10
250959703,1,,,世博小区5769,5769,9420,2,187.45,207.37,222.5,159.74,145.02,141.99,179.95,120.46,2.99,122.32,201.22,244.07,8
711035963,2,,,天龙家园3357,3357,5452,2,115.38,108.15,118.98,126.57,96.23,96.3,114.67,124.06,77.6,109.49,150.23,336.52,11
8086758033,2,57,男,滨海丰园9356,9356,15177,2,267.22,254.16,236.42,217.74,198.33,172.53,169.67,151.94,147.38,186.54,198.04,208.14,5
271484921,1,65,男,新华社7594,7594,12272,2,10.9,10.58,14.17,15.13,17.84,20.24,22.38,27.39,19.91,17.8,15.42,12.83,5
8443227448,1,62,女,沈飞小区6620,6620,10693,2,159.68,162.21,105.56,76.26,169.3,166.86,141.84,124.03,133.67,174.77,164.01,160.76,9
262962115,1,,,富裕小区6642,6642,10693,2,192.28,175.73,157.1,147.18,138.4,149.65,154.79,166.02,118.57,150.06,150.44,183.09,1
8118362805,1,64,男,秀水花城4406,4406,6993,2,139.19,107.87,159.51,95.67,146.07,171.21,227.63,334,205.04,233.02,222.58,312.69,11
732510406,2,,,中科新天地小区3657,3657,5749,2,340.91,445.17,332.91,294.99,216.38,260.59,347.08,325.44,187.4,260.4,257.87,140.05,9
8003973664,1,60,男,华阳E区4153,4153,6500,2,49.63,29.6,48.28,205.79,208.35,143.51,235.89,231.58,117.28,111.47,7.89,48.07,11
258953022,1,,,二台子小区6057,6057,9420,2,132.55,112.23,131.55,98.16,93.53,89.19,64.95,85.12,81.81,90.41,94.64,120.21,10
262421083,1,,,永泰小区6897,6897,10693,2,64.52,49.22,65.44,77.93,25.33,116.94,67.78,192.9,128.39,119.85,166.07,114.12,11
231758712,1,47,男,北安小区3500,3500,5404,2,70.65,83.81,95.09,77.89,87.45,83.33,110.89,108.38,82.75,77.1,81.12,89.54,8
171532300,3,,,彩进小区4244,4244,6500,2,3548.4,1766.47,2678.9,3217.59,3468.04,4404.85,4693.82,4745.38,3587.92,4842.78,3568.87,3966.11,11
314556763,3,,,高家沟小区13515,13515,20693,2,654.79,590.31,442.91,444.8,153.66,284.43,423.28,489.66,203.16,159.16,250.86,531.53,11
8554214010,1,33,男,南园小区3512,3512,5352,2,240.16,252.88,236.7,105.06,73.07,172.32,73.84,175.31,179.26,272.4,223.07,246.11,9
8036518520,1,,,今日家园小区3000,3000,4543,2,183.98,141.75,135.65,128.04,123,143.93,225.24,255.07,110.04,94.76,109.58,114.33,8
260210919,1,,,新乐小区7080,7080,10693,2,110.76,117.63,109.85,111.08,109.99,108.09,161.7,185.19,81.4,32.13,18.33,17.45,6
7850170916,1,,,福宁小区5357,5357,8063,2,224.46,259.22,234.15,170.57,116.62,118.18,154.6,0,0,166.84,124.15,137.52,8
51112569,4,,,开发区C区5092,5092,7564,2,1649.37,1405.38,1221.61,1674.34,1717.23,1436.09,2079.02,1553.69,1604.17,4233.08,2555.04,3261.22,10
265625576,1,,,重工新村小区6808,6808,10024,2,110.42,14.89,86.26,216.41,97,0.85,0.03,0.04,0.01,27.82,230.77,476.21,11
8073182555,1,50,男,和谐家园小区2891,2891,4246,2,0,0,0,265.64,221.21,138.23,143.38,114.65,172.82,279.9,215.14,145.67,3
70466081,1,58,女,互助里小区3103,3103,4543,2,927.14,438.14,678.32,726.11,814.99,1190.63,1715.5,1810.51,1112.27,844.63,789.92,957.12,5
253803380,3,38,女,德增小区6520,6520,9420,2,668.1,735.45,959.25,1021.8,920.85,1030.95,1383.3,1033.95,698.1,700.35,794.55,1023.45,10
190965673,3,,,市北安居小区2811,2811,4053,2,237.59,185.65,234.55,236.81,299.02,390.43,412.42,413.58,339.94,254.26,247.56,224.75,9
263666470,1,,,环际花园7427,7427,10693,2,422.45,346.29,318.66,289.26,247.8,269.59,320.2,272.01,208.59,264.53,254.03,305.6,10
231681939,1,,,连山小区3771,3771,5404,2,1.26,71.05,108.29,68.26,40.82,43.92,57.28,72.89,67.9,61.13,42,143.29,2
268235174,1,,,人民里小区7030,7030,10024,3,153.13,107.56,129.89,124.66,127.26,177.53,276.22,270.38,119.67,105.16,104.52,110.23,5
268443104,1,,,人民里小区7030,7030,10024,3,217.66,17.3,16.48,10.23,12.01,10.63,10.66,10.33,9.09,6.52,6.42,7.88,3
232042595,4,57,女,化工小区3847,3847,5452,3,60.19,2.3,3.37,5.73,8.51,10.87,11.82,4.29,6.47,4.93,4.05,2.01,7
232639506,3,55,男,化工小区3847,3847,5452,3,65.87,60.86,85.89,891.56,1589.51,2260.57,2417.31,2154.97,1843.9,1532.55,1416.83,1214.43,10
8094593721,1,32,女,化工小区3847,3847,5452,3,85.78,67.8,77.67,57.85,46.41,49.28,47.18,48.39,47.18,55.22,55.5,71.75,11
7480570870,2,,,丽锦城4号台区6804,6804,9611,3,246.74,237.59,279.76,353.85,217.62,174.09,224.45,233.94,169.23,227.72,231.64,300.83,10
7480572834,2,,,丽锦城10号台区6804,6804,9611,3,140.05,155.93,165.3,149.14,141.62,134.33,151.81,125.64,116.2,142,145.31,163.48,11
7480574478,2,,,丽锦城6号台区6804,6804,9611,3,133.67,187.79,182.36,126.42,103.48,123.99,117.63,100.43,91.27,135.55,124.29,146.17,11
7480574801,2,,,丽锦城6号台区6804,6804,9611,3,353.9,436.16,398.06,398.06,359.22,331.48,347.73,373.73,333.97,406.38,381.79,439.75,10
7480577448,2,,,丽锦城7号台区6804,6804,9611,3,302.28,421.13,413.98,404.68,351.49,273.58,277.1,273.58,223.67,229.59,242.16,207.51,11
7480579200,2,,,丽锦城10号台区6804,6804,9611,3,0,0,10.72,27.45,14.73,3.64,5.6,1.97,116.61,109.84,129.88,196.63,11
7480580419,2,,,丽锦城9号台区6804,6804,9611,3,1.03,3.42,387.4,471.35,325.23,269.52,293.67,281.86,253.66,303.69,241.64,357.7,12
7480580608,2,,,丽锦城9号台区6804,6804,9611,3,156.37,245.48,265.54,145.26,2.34,4.62,39.41,114.42,109.44,165.44,227.78,254.53,11
7480581731,2,,,丽锦城9号台区6804,6804,9611,3,288.69,284.25,234.36,256.63,154.62,313.98,176.28,162.05,206.77,214.64,216.82,288.83,12
7480582965,2,,,丽锦城10号台区6804,6804,9611,3,167.96,203.31,199.35,144.06,138.95,139.93,240.27,188.27,105.88,153.48,142.28,193.4,11
7480584714,2,36,男,丽锦城10号台区6804,6804,9611,3,143.56,158.65,162.32,166.18,158.78,163.2,235.74,279.11,141.25,163.2,145.43,148.89,10
7480585195,2,30,男,丽锦城10号台区6804,6804,9611,3,171.15,123.7,109.35,45.22,101.78,23.44,77.36,200.6,205.35,259.87,250.2,275.28,11
849249,1,,,南阳北区3829,3829,5355,3,143.48,150.88,141.77,143.26,151.42,148.31,169.99,135.14,131.84,140.39,133.9,152.03,8
849513,1,,,南阳北区3829,3829,5355,3,191.87,161.27,160.2,165.66,152.89,136.98,105.15,87.37,90.92,136.62,162.18,182.75,8
7850256742,3,,,沈北新区乾弘家园5782,5782,8063,3,274.81,263.49,292.65,276.15,288.37,282.68,400.08,335.04,277.9,342.29,290.34,296.12,7
261072219,3,,,百花小区7726,7726,10693,3,3235.65,1035.45,2423.49,3020.53,3522.67,5090.6,5745.74,5722.17,4018.01,3143.67,3109.47,3027.41,9
262666961,1,,,铁路新新小区7848,7848,10693,3,113.93,100.91,98.45,86.3,89.69,95.48,134.42,142.89,79.39,93.56,91.3,100.33,11
262673628,1,,,铁路新新小区7848,7848,10693,3,522.74,477.77,511.99,223.7,143.63,24.22,131.67,133.04,31.32,39.64,46.66,46,12
190532640,1,57,男,八一小区2977,2977,4053,3,630.18,337.7,340.8,362.52,292.34,268.2,388.55,421.78,290.93,311.87,357.34,573.57,4
8195659414,1,45,男,巩家洼子回迁小区3017,3017,4053,3,73.8,79.09,171.28,151.82,126.82,154.61,142.45,34.56,148.01,178.19,161.22,180.78,10
8540259445,3,62,男,海城花园小区3397,3397,4557,3,150.16,60.76,174,266.83,229.29,210.29,437.8,398.88,354.46,234.49,190.27,167.66,7
259252739,1,,,梧桐园小区7040,7040,9420,3,382.76,359.26,352.64,342.41,233.92,216.34,260.15,238.69,208.4,310.26,307.31,403.56,8
314409009,3,34,男,葵英小区15503,15503,20693,3,66.48,5.47,115,2.57,11.71,40.66,179.36,160.62,92.13,150.83,423.61,399.22,11
7855335716,2,,,水木康桥6041,6041,8063,3,170.38,158.22,100.9,85.92,122.75,164.98,140.71,156.8,151.67,151.58,167.33,208.37,1
8437368755,2,31,女,水岸华城小区4315,4315,5749,3,233.52,257.22,269.05,250.14,239.47,275.4,453.45,469.27,200.77,230.17,215.95,279.43,9
8437368797,2,39,男,水岸华城小区4315,4315,5749,3,213.67,222.65,215.88,232.82,231.76,265.46,327.5,358.99,196.93,246.33,249.75,290.74,19
196416177,1,,,红纬小区2929,2929,3890,3,192.48,113.59,114.75,288.31,257.48,273.36,244.23,262.85,213.32,230.07,191.17,271.35,10
260437950,3,,,辽河街小区8063,8063,10693,3,466.12,395.53,556.26,616.58,676.98,917.37,1024.03,910.74,617.53,604.81,641.84,728.98,8
267949816,1,,,今日阳光7627,7627,10024,3,428.05,284.39,176.11,143.72,134.54,100.39,101.81,93.59,87.1,111.6,129.27,170.61,11
258635056,1,,,洮昌花园7180,7180,9420,3,0,0,0,0,0,0,0,0,0,154.18,129.41,147.35,7
231992785,1,,,友谊小区4119,4119,5404,3,60.38,52.54,49.28,47.16,62.53,83.88,130.06,53.48,51.18,51.7,40.49,46.78,11
253993177,3,,,杏林小区7164,7164,9371,3,1037.9,197.83,699.5,758.31,682.83,857.19,1190.89,1213.2,861.31,650.69,825.5,1305.24,10
253837516,3,,,华家7212,7212,9420,3,0,0,0,0,0,0,0,0,0,0,0,0,11
253845869,3,,,舟泉小区7177,7177,9371,3,3736.22,754.77,1692.9,3159.35,3883.18,5644.18,8418.19,8065.09,4501.36,4497.5,4361.52,4490.61,1
267326080,1,,,十三路小区7710,7710,10024,3,48.79,177.26,149.76,131.5,133.77,117.07,90.14,0,0,0,0.37,0,11
260591010,1,,,北方医院家属楼8228,8228,10693,3,114.04,83.19,57.13,65.23,273.35,199.39,164.43,159.51,129.88,182.4,177.88,185.37,9
302945030,2,,,和平海岸6366,6366,8256,3,208.18,215.03,186.27,232.98,238.57,229.23,280.18,283.21,231.54,219.07,204.62,214.72,10
8056819515,3,,,逸馨园小区6101,6101,7875,3,435.98,428.93,461.35,440.78,581.11,676.64,819.31,799.92,639.91,570.33,621.65,530.73,11
210724651,1,,,珠江园小区4093,4093,5276,3,71.81,86.68,85,77.23,52.71,67.22,68.33,13.88,2.98,5.63,6.57,4.38,10
8076686614,4,,,阳光花园4790,4790,6160,3,20.81,30.13,84.17,187.06,199,205.68,236.36,231.09,243.01,200.85,184.93,266.48,9
7480786149,2,,,青城小区7478,7478,9611,3,28.22,18.07,20.03,46.86,32.46,43.99,26.62,50.5,175.34,161.95,236.12,533.71,5
8054544639,1,43,男,新汉城8323,8323,10693,3,144.55,179.49,173.23,171.13,187.46,160.95,166.66,158.05,121.15,129.36,149.37,93.07,11
268119719,1,,,桥园小区7894,7894,10024,3,121.13,140.71,147.61,120.75,102.05,87.2,108.23,74.31,53.74,86.14,78.43,95.73,12
263377417,1,,,北陵小区8425,8425,10693,3,26.37,12.48,14.2,23.1,28.85,36.09,1.05,5.24,43.06,65.65,39.98,39.23,8
263377534,1,,,北陵小区8425,8425,10693,3,315.14,398.1,393.28,282.21,216.22,148.94,148.81,233.56,86.69,131.17,121.8,164.85,7
250756708,1,,,山东堡小区7395,7395,9371,3,170.42,143.04,116.1,121.44,121.07,79.71,53.91,100.76,95.93,119.59,130.33,153.1,5
8217373610,1,34,女,优诗美地小区8008,8008,10084,3,0,0,0,0,0,0,0,0,0,181.71,224.72,204.77,10
311929263,1,,,西苑花园14893,14893,18734,3,258.98,261.26,271.74,201.45,242.08,184.18,230.8,244.66,183.82,241.9,252.66,249.39,3
8042600947,1,,,金都华府4197,4197,5273,3,152.15,147.22,164.93,172.54,148.67,132.34,133.23,146.62,123.63,143.29,153.19,162.01,10
311687482,1,,,马栏客车北山14915,14915,18734,3,326.78,430.8,381.35,338.03,267.47,238.63,318.02,506.01,298.72,298.13,361.96,455.12,7
311688980,1,,,马栏客车北山14915,14915,18734,3,216.66,216.33,206.8,206.56,216.51,200.08,191.18,212.89,193.49,195.44,171.89,176.71,7
311695298,1,,,马栏客车北山14915,14915,18734,3,118.87,129.92,127.62,114.36,120.83,96.26,114.21,121.36,138.09,95.09,100.68,106.91,7
311696305,1,,,马栏客车北山14915,14915,18734,3,170.87,158.21,167.84,209.97,150.85,136.98,133.35,144.11,151.81,146.67,136.67,241.61,7
311701014,1,,,马栏客车北山14915,14915,18734,3,113.59,121.89,150.4,127.39,122.76,145.51,151.8,165.67,134.22,121.14,120.58,119.23,7
251622277,3,,,魁星小区7507,7507,9371,4,3337.13,1230.35,4910.37,6180.85,6586.22,7044.81,6311.72,6988.56,5934.01,6233.72,6835.55,6480.41,8
52853627,1,28,男,阳光家园5818,5818,7253,4,123.07,67.57,144.99,118.11,89.14,83.77,105.3,70.48,90.38,211.7,156.65,176.17,6
250682621,1,,,八王寺小区7584,7584,9420,4,470.73,660.81,554.99,534.3,356.81,203.93,78.44,183.88,173.86,261.91,304.97,351.35,7
7550048403,4,48,男,农机家属楼小区3900,3900,4842,4,684.21,221.59,519.21,597.94,558,430.07,410.61,409.74,402.78,463.64,440.73,550.82,11
55643391,1,,,建设小区4680,4680,5790,4,4.41,4.13,4.42,4.28,4.45,3.85,4.42,4.37,4.24,4.4,4.24,4.39,4
8046151393,1,45,女,俪泊园14348,14348,17589,4,390.25,41.79,89.7,188.51,232.78,301.9,464.71,532.64,497.53,41.72,2.34,2.44,9
8041166495,1,65,男,爱俪家园5714,5714,6993,4,176.06,156.99,188.51,197.71,177.41,234.09,262.62,310.16,155.87,154.56,131.5,169.28,2
8041169234,1,65,男,爱俪家园5714,5714,6993,4,115.84,132.4,138.43,103.39,115.38,94.61,138.58,95.9,72.6,77.24,88.24,82.85,5
8618989306,2,39,男,天赐良园小区4705,4705,5749,4,207.2,216.69,185.3,275.34,263.18,184.8,206,222.44,170.35,273.06,233.57,224.35,2
8626645344,1,39,男,明星小区3687,3687,4500,4,109.08,197.4,175.96,135.45,106.79,82.82,77.51,36.84,46.49,60.81,1.34,0,7
253087012,3,,,红星小区7682,7682,9371,4,0,0,0,0,0,0,0,0,0,0,0,0,10
8440545280,1,38,男,阳光一百8269,8269,10084,4,139.78,167.72,197.46,208.33,144.24,131.58,160.73,203.59,130.89,139.55,149.15,151.33,8
259174936,1,35,男,林韵春天7730,7730,9420,4,0,0,0,0,0,0,0,0,0,0,0,0,9
259175607,1,,,林韵春天7730,7730,9420,4,0,0,0,0,0,0,0,0,0,0,0,0,9
259182872,1,,,林韵春天7730,7730,9420,4,0,0,0,0,0,0,0,0,0,0,0,0,9
302143795,1,35,男,洞庭街6789,6789,8256,4,88.53,80.59,87,66.29,13.06,43.48,91.49,177.2,122.27,106.46,100.25,104.75,11
8170018274,3,,,福瑞嘉园3331,3331,4050,4,851.65,724.84,796.51,796.86,962.39,1377.48,1430.95,1490.6,1119.51,895.45,865.08,880.4,11
8643308486,1,35,女,龙水河小区3928,3928,4766,4,0,0,0,80.51,96.57,84.65,75.46,42.94,42.06,39.29,85.84,69.26,8
8175150751,1,,,黎明小区4520,4520,5463,4,251.86,268.89,231.75,232.68,232.11,87.32,105.83,90.47,99.99,99.09,118.23,99.6,4
8175153835,1,44,女,黎明小区4520,4520,5463,4,157.34,150.01,166.88,165.18,159.01,151.53,214.27,250.27,164.81,172.5,172.78,165.47,6
8158570459,1,43,女,东城小区4512,4512,5452,4,0,0,0,0,0,0,0,0,0,73.72,116.23,140.11,7
8224260255,1,62,男,福安回迁小区3355,3355,4050,4,130.38,95.59,81.12,62.58,49.05,32.43,36.64,32.42,29.75,19.18,71.99,102.16,11
23255946,1,,,阪芙小镇3570,3570,4306,4,188.33,226.87,191.51,161.67,99.34,139.48,154.19,71.57,1.12,55.55,110.67,109.34,12
264000310,1,,,华山新区8873,8873,10693,4,207.93,193.34,190.59,175.35,178.33,158.48,131.07,137.2,138.2,160.44,177.27,214.02,1
132499895,1,,,清真小区3762,3762,4525,4,117.59,102.27,105.22,97.32,80.12,75.2,125.25,150.85,58.99,76.48,91.32,104.62,7
264749341,1,,,光明苑8339,8339,10024,4,177.94,127.97,211.79,217.01,207.1,170.96,212.49,165.47,122.05,238.51,226.8,188.52,5
258651388,1,,,公务员小区7843,7843,9420,4,63.65,69.92,62.15,60.8,0,0,83.61,78.83,68.96,59.37,57,64.62,4
250796092,1,,,荣光小区7811,7811,9371,4,55.89,55.63,95.13,119.88,94.21,109.53,143.17,151.94,79.13,86.74,95.12,95.19,8
265741016,1,,,南七小区8367,8367,10024,4,56.35,74.44,71.74,23.09,10.84,68.91,66.54,59.6,60.03,66.89,62.66,72.26,5
8004579560,1,36,男,御静园小区4406,4406,5276,4,183.41,155.03,169.66,175.9,151,127.28,122.43,125.9,184.84,399.55,203.78,261.18,11
27371288,1,,,向阳胡同小区5246,5246,6253,4,114.22,120.44,81.55,46.63,65.35,70.25,81.67,91.73,84.47,69.41,77.11,128.58,9
251128544,1,,,翰林家园7906,7906,9420,4,5.76,5.53,5.81,5.62,5.8,5.62,5.84,5.79,5.79,6.08,5.71,5.86,10
7560516284,2,,,璟悦香湾7869,7869,9352,4,165.01,267.87,250.84,247.64,203.2,202.09,173.77,47.1,222.32,71.92,23.21,21.97,9
8053449425,1,,,卓越小区3584,3584,4246,4,0,53.94,7.15,28.5,27.1,41.49,80.57,109.5,72.95,68.91,81.67,75.91,2
257120692,4,,,凯翔地区7992,7992,9420,4,226.72,186.96,210.85,240.57,234,297.39,322.98,420.3,382.17,379.78,390.2,336.5,8
91091909,1,40,男,光明社区3143,3143,3704,4,87.73,5.36,144.9,107.88,77.75,28.67,38.62,90.46,38.01,4.8,20.27,64.12,7
253264466,1,,,大成小区7961,7961,9371,4,309.21,243.03,124.16,118.07,112.48,109.02,105.83,156.1,130.3,115.06,114.9,130.88,7
232559853,1,57,女,锦华小区4633,4633,5452,4,116.47,130.78,123.25,87.78,86.38,80.67,94.26,78.5,57.44,66.69,71,81.26,7
232571561,1,,,锦华小区4633,4633,5452,4,6.74,6.51,14.29,0,0.02,19.03,18.98,0.76,5.05,0.52,0.61,0.02,7
8182876781,1,35,男,丰裕小区3879,3879,4559,4,265.38,124.16,130.95,82.44,110.47,123.97,316.8,632.23,289.44,347.96,282.94,375.68,7
311254680,1,,,龙岗园15952,15952,18734,4,366.63,495.2,592.49,555.48,429.53,387.46,369.11,406.59,384.93,410.56,395.23,478.15,2
262582186,1,,,前进小区9107,9107,10693,4,338.45,346.44,354.07,318,296.2,233.6,193.87,177.73,178.25,269.37,221.05,253.71,11
262659682,1,,,前进小区9107,9107,10693,4,142.91,117.64,122.59,114.46,100.66,80.2,90.21,95.24,76.78,82.69,89.2,95.33,12
262661155,1,,,前进小区9107,9107,10693,4,103.64,100.9,91.7,82.74,91.83,106.42,95.01,83.03,98.23,102.71,123.77,133.69,10
8129233910,2,37,男,蓝河湾小区3889,3889,4559,4,44.24,46.43,49.1,44.14,59.49,70,80.3,80.88,83.47,90.29,85.95,92.02,8
8160991015,8,63,男,欣畅园小区4665,4665,5463,4,119.3,109,681.7,1035.9,1929,691.2,1412.2,1157.1,1460.7,1624.7,1535.9,490,11
8176793841,1,,,东港林苑17716,17716,20693,4,76.08,212.16,166.54,136.91,24.55,0.42,0.57,286.11,181.74,236.87,189.89,256.24,8
8073808947,1,,,鞍钢公寓4292,4292,4991,4,76.26,84.76,88.8,42.88,0,1.83,0,0,0,0,0,0,5
269398867,3,,,明颂华庭8712,8712,10084,4,2880.11,330.59,2320.47,2547.15,2802.92,4059.72,4837.95,4907.45,3507.04,2905.4,3040.82,3608.57,8
212314748,1,35,男,百合家园4563,4563,5273,4,159.55,163.22,179.7,162.57,150.23,58.36,26,28.64,92.63,122.82,116.53,135.2,10
6970520278,1,,,铧鑫小区3666,3666,4229,4,88.91,55.25,121.03,108.98,85.47,77.44,87.22,110.9,85.35,87.26,117.54,125.85,4
8166643547,1,,,博林印象小区6308,6308,7253,4,343.93,261.53,293.73,279.04,236.59,158.3,189.85,187.62,176.85,295.2,244.35,240.42,10
52832068,3,46,男,铁路楼5975,5975,6868,4,48.48,55.9,65.71,65.75,67.44,65.44,72.22,96.47,96.51,88.41,81.59,79.65,10
230205855,3,,,翠海花园4707,4707,5404,4,2079.3,723.45,1411.5,2149.8,2272.65,3373.95,4585.8,4492.8,2529.15,2583.45,2542.2,3282.45,8
230242182,1,38,女,翠海花园4707,4707,5404,4,208.71,207.36,169.59,168.35,162.44,144.76,180.95,221.97,119.01,213.81,159.1,141.56,8
230276985,1,,,翠海花园4707,4707,5404,4,167.09,151.97,90.56,232.51,98.89,142.89,137.1,119.5,151.52,178.66,168.76,187.52,8
230205291,3,52,男,望海花园小区4725,4725,5404,4,8071.3,62.1,3462,8501.2,9631.8,8444.8,6302.6,7008.5,7096.9,9031.4,2829.7,4830.3,8
8111444124,3,,,兴安家园小区3833,3833,4381,4,90.41,188.71,209.41,276.75,205.63,157.81,325.36,367.77,221.88,294.02,253.38,273.77,10
8260428653,3,25,男,新城怡景小区3030,3030,3454,4,192.95,221.92,235.34,208.17,170.25,229.38,261.43,658.92,862.64,629.85,494.06,81.48,7
90091227,1,43,男,铁路小区3251,3251,3704,4,44.46,54.25,81.79,76.31,76.55,65.37,59.1,62.14,8.76,0,50.01,55.44,11
90094880,1,,,铁路小区3251,3251,3704,4,138.85,210.63,147.77,128.15,103.65,104.7,146.07,130.26,145.25,165.88,191.4,191.33,9
269412053,1,,,海逸诗阁8866,8866,10084,4,61.21,65.99,76.72,66.02,47.03,60.32,94.3,68.38,44.33,41.8,36.86,47.91,8
8117843536,1,38,男,御景湾亿城二期6947,6947,7875,4,178.7,186.04,159.79,198.4,145.02,159.89,146.04,198.88,181.49,240.27,218.14,210.16,11
230431982,1,75,男,二号小区4789,4789,5404,4,130.99,123.86,130.31,134.32,137.96,128.5,132.26,132.17,128.45,136.06,131.84,140.85,9
172253831,1,,,永丰商业区5460,5460,6160,4,117.28,87.15,97.05,94.91,106.4,109.45,167.23,90.6,30.27,23.15,0,0,11
8092468760,1,47,女,南奥国际10952,10952,12272,4,124.22,168.31,170.38,173.25,168.18,137.63,126.52,167.97,136.91,114.79,154.5,157.77,4
50070611,1,,,科达小区6782,6782,7564,4,259.64,359.58,298.41,164.52,169.66,142.36,164.08,191.29,209.18,280.31,221.98,291.71,8
50071119,1,42,男,科达小区6782,6782,7564,4,90.84,67.16,75.47,63.88,46.29,35.6,41.84,52.94,42.52,14.59,70.46,70.88,8
50071991,1,,,科达小区6782,6782,7564,4,276.02,375.51,292.25,217.17,195.77,190.53,160.6,108.69,78.52,127.14,122.96,274.31,7
8155951055,1,49,男,盛华园二期B段4800,4800,5344,4,254.01,238.16,229.56,205.56,172.16,171.08,291.64,257.4,172.54,192.29,210.37,246.7,11
7855407132,1,,,北美公馆7248,7248,8063,4,8.77,0,0,0,10.52,61.85,51.96,72.42,62.25,221.83,264.04,123.77,8
190555928,1,45,男,翔宇二期3653,3653,4053,5,140.74,154.95,121.54,86.79,83.51,92.47,118.6,107.27,69.98,83.12,77.02,91.22,6
8105180447,1,,,尚品铭城小区3510,3510,3882,5,4.73,4.41,4.64,17.1,5.95,4.5,4.72,4.64,4.51,4.85,4.5,4.71,8
8643336627,1,62,女,河畔人家小区4320,4320,4766,5,0,0,0,159.1,136.99,132.66,111.52,109.76,101.79,51.69,207.09,282.66,8
54279735,1,,,铁路小区6059,6059,6678,5,93.47,19.72,21.61,50.14,22.49,83.23,37.88,37.04,81.83,171.68,151.03,196.46,9
8444294900,1,67,男,怡山风情小区6597,6597,7253,5,477.03,381.36,399.28,421.65,269.56,201.81,229.69,302.15,236.71,350.46,270.87,270.24,7
8066003108,3,69,男,通惠苑小区4199,4199,4589,5,22523.1,15891.9,18414,20828.7,23071.8,25821.6,29425.2,26827.5,19162.2,17118.6,15929.7,16743,8
300305658,1,37,男,于洼小区9544,9544,10396,5,132.43,195.13,207.28,158.74,197.74,219.16,273.58,262.01,249.89,246.78,289.73,350.56,8
252763757,1,,,千德小区8610,8610,9371,5,1211.96,1173.36,796.01,462.67,377.52,401.06,441.04,424.51,265.21,468.67,614.05,1222.03,4
250726604,1,,,令闻小区8611,8611,9371,5,0,0,0,0,0,0,0,0,0,126.14,244.59,430.88,10
2952097,4,,,江畔小区4375,4375,4750,5,69.58,63.71,67.24,60.5,53.41,55.7,50.72,51.76,53.05,54.84,56.32,84.48,8
8434490464,3,50,男,学府铭城小区4146,4146,4500,5,985.51,909.58,888.4,1070.1,1050.36,1074.46,1365.68,1381.87,874.79,871.06,873.65,913.21,8
195363414,1,,,新园小区3600,3600,3890,5,107.36,116.9,124.35,121.19,121.6,112.1,110.69,121.95,115.32,132.02,126.23,126.27,7
195364983,1,45,男,新园小区3600,3600,3890,5,98.59,107.13,93.81,97.78,83.38,81.53,86.22,83.97,74.72,86.02,76.8,86.81,8
8140007590,2,50,男,华发新城7643,7643,8256,5,110.83,144.94,198.48,229.98,193.4,146.11,144.58,205.05,44.41,35.25,3.74,0,2
51693060,1,,,一经街小区6363,6363,6868,5,174.85,181.54,152.93,256.43,152.52,128.92,179.85,162.79,112.86,279.37,166.94,379.21,11
210572524,1,,,公安小区4891,4891,5276,5,269.02,192.79,199.59,170.44,196.65,214.77,188.21,183.22,207.29,209.58,254.65,262.29,9
8087268463,1,52,男,上城左岸小区6744,6744,7253,5,95.38,107.08,92.09,120.22,97.03,88.72,91.03,130.73,88.08,108.07,85.67,97.57,10
8087268984,1,46,女,上城左岸小区6744,6744,7253,5,195.21,165.32,151.9,249.11,233.21,143.06,151.75,156.52,126.44,147.56,125.2,126,10
8123876133,1,30,男,上城左岸小区6744,6744,7253,5,137.94,125.11,133.85,119.68,117.99,105.36,120.3,108.55,88.33,134.11,136.02,132.49,10
8251862125,6,59,男,上城左岸小区6744,6744,7253,5,1252.7,1153.8,1235.33,1188.66,1241.52,1271.43,1529,1580.59,1548.6,1551.01,1282.53,1245.99,10
300259610,1,,,百畅园小区9671,9671,10396,5,281.24,294.64,258.35,131.17,126.42,141.59,126.07,106.3,90.72,78.68,102.26,228.23,3
8541315427,1,33,男,置地新城4009,4009,4306,5,400.02,392.28,413.05,363.26,382.88,433.08,469.03,465.94,279.96,355.65,446.32,448.92,10
251525967,1,,,民富小区8725,8725,9371,5,443.07,346.34,200.11,166.97,188.29,124.69,101.63,101.03,83.8,102.03,432.22,573.84,10
251694371,1,,,松泉小区8768,8768,9371,5,0,0,0,0,0,0,0,0,0,0,0,0,4
8051483751,1,35,男,庭林溪谷7726,7726,8256,5,221.58,311.43,313.44,333.89,256.44,214.14,231.77,296.47,226.61,251.87,223.04,269.45,3
8554706805,1,30,男,铁岭银泰活力城住宅小区3391,3391,3611,5,271.49,332.94,305.47,446.61,340.25,287.67,297.21,310.13,226.94,387.11,232.2,233.47,8
8054798704,1,,,河畔花园13696,13696,14548,5,156.56,138.73,136.85,643.4,194.78,118.57,116.28,159.82,98.06,382.41,106.78,112.76,11
8054801260,1,,,河畔花园13696,13696,14548,5,129.89,123.06,171.54,177.36,154.52,151.28,167.8,153.26,126.21,134.05,112.21,119.48,11
8054803110,1,57,男,河畔花园13696,13696,14548,5,372.4,341.7,224.75,368.98,204.95,184.31,187.09,168.03,137.79,274.44,136.45,191.37,11
8053228310,1,58,男,滨河花园小区3640,3640,3858,5,19.56,18.56,20.75,20.39,41.33,42.71,47.83,46.8,44.82,45.04,39.88,37.46,8
8015331225,1,,,枫景名城小区4553,4553,4823,5,147.29,157.86,135.46,180.45,173.71,131.94,142.13,158.97,95.54,154,160.78,214.48,9
263747940,1,,,兰庭苑10099,10099,10693,5,166.24,177.75,146.99,147.85,156.6,135.55,132.38,131.88,128.06,121.11,76.5,87.2,3
263751839,1,,,兰庭苑10099,10099,10693,5,343.43,333.02,314.67,359.77,268.18,243.81,301.92,273.4,248.78,374.67,249.55,350.03,3
150458384,1,,,格林小居5432,5432,5749,5,1577.2,1280.98,696.25,187.4,43.48,42.47,241.64,345.89,200.43,204.34,539.69,1268.79,11
8004535939,1,,女,万恒领域8947,8947,9420,5,158.8,127.1,128.52,151.56,131.38,117.97,177.69,207.18,88.47,144.54,58.06,145.02,8
314816595,1,,,松云街19658,19658,20693,5,185.88,368.17,375.91,242.02,251.32,198.94,208.94,90.6,25.19,46.37,42.89,51.24,9
70133615,1,,,东城花园小区4321,4321,4543,5,75.71,93.69,77.3,63.42,37.86,29.35,39.56,46.7,24.72,14.58,43.93,85.69,10
8422614137,1,58,男,恒大名都5701,5701,5992,5,297.7,291.27,292.19,294.44,431.65,331.65,512.25,494.75,270.03,341.14,322.57,264.79,9
8497967615,1,76,男,龙畔金泉16743,16743,17589,5,96.81,256.59,253.28,260.66,255.86,220.45,198.03,24.68,0.02,0.13,66.27,77.91,9
308228104,1,,,泉水小区16745,16745,17589,5,136.29,150.64,126.01,113.03,125.34,127.74,134.6,141.5,124.79,125.29,119.89,134.94,12
8028562672,3,49,男,泉水小区16745,16745,17589,5,1767.24,751.15,551.04,1368.19,1301.9,1262.51,1250.27,1151.61,130.2,99.25,1348.08,1331.92,9
266170497,1,,,富云花都9576,9576,10024,5,242.74,286.94,289.73,254.42,208.21,225.54,203.99,147.96,59.72,58.34,17.23,30.71,2
301034243,1,,,拥军小区9号楼9948,9948,10396,5,241.06,267.72,204.69,216.69,161.43,102.45,41.29,33.78,21.68,143.17,191.92,205.47,1
93018122,3,47,男,两千平小区3342,3342,3448,5,584.06,242.57,581.74,542.23,337.72,224.84,502.37,250.55,187.05,490.57,397.6,499.33,4
8168667660,1,31,女,福鑫一品小区3936,3936,4053,5,371.94,330.94,290.2,280.95,236.84,228.33,218.22,223.64,203.53,283.56,284.55,280.79,5
8015624277,1,40,女,雷凯尼绅小区10400,10400,10693,5,0,0,0,0,0,0,0,0,0,0,0,0,7
8066763349,1,38,男,三一新天地9824,9824,10084,5,21.4,17.71,20.82,18.74,13.35,0.93,0.02,46.41,168.56,181.06,144.95,184.71,4
8042713650,3,52,女,鑫塔小区6818,6818,6993,5,3019.33,2046.76,2682.96,2270.84,2698.57,3291.98,3690.72,3894.8,2816.87,2760.41,2858,3770.32,10
8495688273,1,29,男,恒大御景湾10444,10444,10693,5,130.99,169.26,182.04,184.6,188.59,369.05,428.44,413.34,200.3,152.44,221.41,320,11
253280714,1,,,永顺小区9170,9170,9371,5,65.65,0,83.29,76.93,78.96,101.97,108.76,26.91,19.48,41.48,17.38,9.71,5
264662671,1,,,宏伟名都9848,9848,10024,5,343.33,345.11,275.58,216.12,227.03,231.21,244.6,244.21,196.6,197.22,226.73,304.95,10
252532827,1,31,男,祥顺小区9211,9211,9371,5,209.53,281.45,243.42,129.74,129.83,165.12,80.43,118.69,74.32,115.01,200.64,222.12,1
8547199906,1,50,女,龙泽雅苑3984,3984,4053,5,194.41,114.28,178.74,185.87,208.82,138.96,143.73,115.18,165.75,204.15,171.19,180.67,11
230286306,1,,,宏运高层5318,5318,5404,5,31.39,0,0,28.43,150.37,120.7,129.32,131.99,105.52,192.87,279.46,318.65,8
50955783,3,43,女,红房新区7467,7467,7564,5,970.78,748.4,743.67,836.57,740.55,586.83,778.6,891.27,603.48,716.7,630.14,917.84,9
7571300241,2,,,听涛雅苑小区4273,4273,4321,5,19.92,20.58,20.94,22.97,23.84,30.19,31.51,2.19,26.16,18.42,21.51,55.5,8
8086064464,3,69,男,汽配城3643,3643,3678,5,397.82,279.98,276.59,1180.46,598.46,1690.35,1878.01,1604.53,623.28,979.97,1308.13,1387.51,10
267156739,3,,,晋斯佳苑9930,9930,10024,5,492.65,411.92,619.6,572.53,616.66,600.66,984.93,963.03,660.46,591.99,571,597.13,5
90646919,1,,,惠工小区3688,3688,3704,5,99.33,99.52,123.39,116.36,102.38,94.02,124.42,105.81,116.18,197.25,172.5,180.54,6
7855056291,2,33,女,府梓里居8034,8034,8063,5,110,98.41,122.61,184.9,75.07,34.06,5.8,25.45,122.37,180.44,168.94,195.91,4
7855057076,2,35,女,府梓里居8034,8034,8063,5,345.98,430.28,432.6,356.58,335.63,282.95,344.93,300.14,285.54,133.07,0.01,0,7
7855058923,2,,,府梓里居8034,8034,8063,5,244.03,215.03,242.83,287.18,209.12,231.21,453.07,469.64,233.67,259.97,267.03,305.09,7
7855059027,2,,,府梓里居8034,8034,8063,5,241.36,357.19,297.22,184.45,177.5,144.88,193.55,172.84,138.14,185.91,169.31,212.99,7
7855059287,2,,,府梓里居8034,8034,8063,5,287.75,317.21,342.96,398.08,309.01,183.5,396.47,417.64,275.04,313.61,288.92,302.1,10
7855059740,2,55,女,府梓里居8034,8034,8063,5,398.92,441.45,368.6,470.25,339.25,385.07,513.31,513.78,318.21,387.81,344.36,478.39,7
7855059825,2,29,女,府梓里居8034,8034,8063,5,193.22,248.69,214.54,184.19,200.84,173.44,204.48,187.42,179.46,195.49,182.25,194.39,10
7855060382,2,,,府梓里居8034,8034,8063,5,160.05,106.19,117.55,107.91,105.58,110.6,107.61,108.53,106.67,98.77,115.03,113.01,11
91088680,1,,,平安社区3692,3692,3704,5,145.24,163.64,148.93,136.28,82.9,67.69,77.47,64.23,113.46,146.34,151.48,167.47,11
8034576283,3,60,女,益民小区3879,3879,3890,5,357.32,166.82,167.72,310.21,331.42,592.14,881.74,826.6,309.85,406.21,334.95,381.79,8
300882535,1,85,女,古城乙区10375,10375,10396,5,276.86,281.52,199.71,343.74,210.69,151.66,195.6,236.38,105.01,67.23,7.57,7.79,3
52197752,1,,,北麓园小区6882,6882,6868,6,60.9,65.31,0,14.55,7.75,13.06,51.17,64.95,25.32,35.82,39.61,15.4,12
266195667,1,,,晋斯华庭10069,10069,10024,6,144.42,131.9,173.58,163.14,141.41,134.77,313.85,289.92,67.69,109.36,96.22,98.73,9
254041545,3,,,丽都花园9415,9415,9371,6,582.18,243.92,503.22,586.74,514.78,500.5,495.86,449.38,457.04,481.91,545.81,791.86,9
254041561,3,,,丽都花园9415,9415,9371,6,1993.63,1428.82,1526.15,1455.99,1337.16,2052.7,2185.87,1861.86,1517.7,342.6,168.75,40.91,9
272282542,1,,,湖滨怡园4266,4266,4246,6,30.71,54.08,67.75,50.07,82.68,158.79,214.23,308.11,36.59,50.3,52.83,110.07,4
8007643435,1,,,四季花城5387,5387,5352,6,147.31,168.12,198.61,179.39,194.7,192.29,193.84,186.36,185.57,211.97,204.61,222.51,8
301934253,1,38,男,龙河家园8319,8319,8256,6,286.32,339.03,324.53,308.27,315.1,272.28,309.77,413.67,310.21,326.99,321.54,366.23,8
301940542,1,39,男,龙河家园8319,8319,8256,6,179.3,279.95,336.19,325.18,254.91,198.06,187.93,199.82,147.11,185.63,168.93,220.96,8
301944023,1,50,男,龙河家园8319,8319,8256,6,307.9,335.46,373.11,354.82,285.89,252.77,273.43,361.81,249.6,312.95,318.69,296.08,8
8086855949,1,,,新丰园小区4593,4593,4543,6,2.77,2.5,2.68,2.57,2.18,2.57,2.74,2.74,2.65,2.75,4.7,2.63,1
154329806,1,,,华光园小区5097,5097,5035,6,263.37,299.85,276.73,223.76,178.63,171.93,128.32,129.11,141.05,162.36,169.25,212.7,10
154329994,1,32,女,华光园小区5097,5097,5035,6,71.99,80.58,91.38,109.3,95.78,65.05,69.84,84.74,72.52,92.46,89.94,94.35,11
27819887,1,,,东馨怡园6071,6071,5992,6,371.77,416.86,370.42,449.08,265.88,312.2,431.74,406.08,258.14,413.01,255.34,273.95,10
71727309,1,,,盛世佳园5425,5425,5352,6,380.45,411.17,392.57,292.2,269.11,207.75,177.2,164.22,167.51,204.71,200.49,187.45,9
7855237373,2,,,皇家御苑8175,8175,8063,6,132.32,156.67,210.81,273.35,220.1,168.17,165.82,147.38,141.78,201.96,153.22,171.41,11
7855692956,2,,,皇家御苑8175,8175,8063,6,147.97,143.72,147.27,156.53,147.27,133.69,145.39,135.76,128.6,141.76,131.55,131.02,11
7091617142,2,,,唐轩英郡小区4327,4327,4246,6,145.78,201.95,125.37,99.68,103.92,109.62,108.54,96.53,128.75,137.04,170.64,531.75,2
264586571,1,,,诗波特10222,10222,10024,6,279.89,282.58,272.93,191.47,139.82,128.06,210.21,235.25,216.82,252.9,234.87,258.33,1
8252236824,1,50,男,唯美尚品7146,7146,6993,6,1511.66,0,0,1411.86,1091.74,1118.63,1360.01,1146.14,692.43,908.49,872.48,1423.56,9
8252237511,1,45,男,唯美尚品7146,7146,6993,6,0,0,0,0,0,0.32,0,0,0.19,0,0,0.13,1
253128298,1,,,泉园小区9598,9598,9371,6,41.21,57.11,63.95,58.24,64.61,54.89,106.08,178.78,54.65,58.28,69.26,96.47,5
8625634206,1,35,女,锦山秀城小区4882,4882,4766,6,158.68,133.96,132.77,105.72,96.95,101.58,142.06,168.67,159.04,156.15,146.07,169.25,11
210593024,1,,,河畔花园二期5407,5407,5276,6,312.77,422.2,212.3,335.37,238.55,291.15,287.42,358.76,253.23,336.17,246.57,440.86,10
8153025505,1,52,男,亿达欣园5592,5592,5452,6,222.16,261.55,342.61,374.51,274.21,208.96,227.67,317.66,169.26,230.67,192.45,205.6,1
8053199375,3,76,男,安居小区4872,4872,4750,6,287.4,194.3,210.2,197.2,179.5,246,264.3,210.3,218.8,123.2,239.4,395.9,12
8027874433,1,36,男,龙源小区4128,4128,3997,6,146.02,172.06,318.84,278.64,212.82,186.22,172.84,179.13,127.25,114.48,145.4,176.29,2
311960202,1,,,逸彩园19387,19387,18734,6,74.6,69.06,68.75,44.31,186.5,218.08,234.75,226.53,202.15,276.67,319,198.54,10
150282615,1,,,锦高家园5952,5952,5749,6,150.28,206.71,197.2,171.78,153.15,125.56,139.47,154.69,121.64,113.28,141.98,162.88,10
7855388811,2,,,三盛颐景蓝湾8354,8354,8063,6,96.16,97.22,167.23,141.89,148.09,119.48,151.42,176.81,101.5,122.95,126.94,161.93,7
8050977235,3,,,新希望C区10818,10818,10396,6,2722.41,2527.38,1634.38,1132.92,971.76,743.12,956.68,981.28,806.76,946.31,1483.08,1990.54,9
864129,1,,,台南嘉苑5574,5574,5355,6,180,165,171.17,157.34,168.04,144.97,101.18,154.03,260.46,272.13,274.57,289.62,11
250657779,1,,,望远小区9759,9759,9371,6,126.6,21.96,155.8,48.92,103.05,35.58,0,1.89,0,97.82,31.91,220.21,8
8411112679,1,43,女,西域华府小区5698,5698,5463,6,100.45,121.02,115.71,123.92,117.22,101.45,97.99,99.18,72.06,85.29,80.22,135.72,8
8265260203,2,58,男,逸景盛熙城8411,8411,8063,6,307.87,230.91,237.21,267.66,222.48,176,169.24,173.18,159.14,190.56,195.44,240.86,3
8265260333,2,58,男,逸景盛熙城8411,8411,8063,6,431.54,442.27,474.18,474.79,246.16,254.75,464.36,427.38,245.83,297.93,292.12,325.11,3
8265260476,2,58,男,逸景盛熙城8411,8411,8063,6,297.86,261.79,278.12,290.54,297.94,245.73,347.91,237.7,310.8,381.24,334.75,364.56,3
8265260681,2,58,男,逸景盛熙城8411,8411,8063,6,217.74,365.6,327.25,366.88,310.84,292.23,361.67,439.03,192.6,194.95,186.62,204.46,5
8051061328,1,,,唯美小区4231,4231,4050,6,101.82,21.63,41.94,123.45,133.17,108.26,123.96,109.73,115.93,83.6,125.42,138.04,11
8123235617,2,,,金伟御都小区4982,4982,4766,6,305.18,310.03,298.8,258.89,259.5,337.62,476.98,456.82,220.79,255.74,264.69,302.7,7
8022086356,3,54,男,君临天下五期10512,10512,10024,6,2787.01,0,0,2687.34,2916.76,3446.88,4277.25,4435.62,3390.65,3368.15,3119.74,2998.03,11
8196095158,1,35,女,名流嘉园12896,12896,12272,6,227.8,235.74,156.64,131.52,144.24,169.13,230.12,222.62,143.46,140.03,153.65,168.66,7
8196107392,1,35,男,名流嘉园12896,12896,12272,6,191.38,217.52,223.57,201.34,183.78,169.38,174.83,168.81,150.73,172.29,158.74,174.86,7
8113490972,1,43,男,双百园10534,10534,10024,6,0,0,0,0,0,0,0,0,0,0,0,0,12
306863239,1,,,花锦园18509,18509,17589,6,37.42,13.04,81.48,143.96,175.79,170.6,182.67,198.93,154.29,168.77,80.45,0,11
7855069842,2,27,男,央大学新城8487,8487,8063,6,194,229.59,138.6,138.42,127.26,140.24,187.91,151.41,117.91,135.59,116.98,132.52,10
270118388,1,,,佳城花园7365,7365,6993,6,157.65,151.9,180.2,125.15,142.82,111.68,134.76,120.97,117.52,54.54,46.27,66.54,11
8043440917,3,67,男,南园小区6056,6056,5749,6,3467.51,1036.04,1588.47,2610.37,2686.23,3392.4,3800.11,3262.99,2407.64,2406.74,2185.83,2164.01,8
308835553,1,,,奥林园18572,18572,17589,6,244.36,258.01,188.11,174.93,218.09,158.7,231.41,294.15,101.18,171.5,148.04,159.84,8
8113595736,1,40,男,恒悦鑫都小区4494,4494,4246,6,265.24,306.12,306.12,320.16,262.56,315.42,455.66,394.83,256.71,275.7,245.48,292.29,8
8071428509,1,44,女,明达山水居5030,5030,4709,6,4.66,4.3,4.51,4.35,4.52,4.43,4.54,4.51,4.38,4.45,4.12,4.45,11
8022152598,3,,,鹏源明居三期5733,5733,5352,6,53.26,46.07,55.62,53.98,48.54,37.29,38.8,23.34,17.42,27.19,32.14,34.42,12
8170557658,1,31,女,鑫阳家园小区5732,5732,5344,6,263.86,273.4,281.86,291.56,255.75,254.25,210.32,206.02,176.89,227.97,212.14,379.28,10
8547312075,1,43,女,龙祥花园小区5196,5196,4842,6,146.6,160.7,133.49,108.77,138,94.98,70.55,80.25,115.78,122.29,77.09,217.24,11
8554445692,1,,,沈铁金域尚城3975,3975,3704,6,468.6,623.63,626.12,530.33,473.46,339.67,387.9,308.82,291.07,374.74,354.31,385.14,9
314676654,1,48,男,紫竹轩小区22407,22407,20693,6,0.7,0.63,0.66,1.91,1.42,0.76,0.8,0.88,16.03,12.29,35.35,16.83,7
8027553123,1,39,男,毓水蓬莱乾荷苑小区4000,4000,3678,6,95.94,82.1,114.46,185,124.97,207.31,150.66,149.35,213.3,200.13,170.75,248.37,9
8027707881,1,39,男,毓水蓬莱乾荷苑小区4000,4000,3678,6,173.29,190.92,193.12,154.37,117.85,184.93,355.3,239.2,98.28,203.33,98.37,110.59,9
8086033093,1,33,男,天元椿小区5584,5584,5094,6,74.43,62.75,69.3,67.57,59.69,66.61,66.37,79.04,58.19,47.16,49.78,60.26,5
8078163913,1,43,女,富虹阳光尊邸4968,4968,4525,6,139.01,120.81,152.61,104.63,124.91,128.28,208.06,204.35,98.22,103.91,139.92,145.22,7
8078164701,1,52,女,富虹阳光尊邸4968,4968,4525,6,312.79,342.74,347.57,293.21,240.43,248.46,338.79,354,147.14,232.05,295.36,299.62,7
8078164743,1,43,女,富虹阳光尊邸4968,4968,4525,6,131.99,147.37,131.93,128.17,93.99,109.06,128.62,114.88,101.33,113.94,106.63,80.36,7
8185463809,1,34,男,观海国际小区6012,6012,5463,6,188.63,135.32,201.29,157.95,163.24,187.88,221.13,189.4,187.95,195.12,200.25,225.72,7
265676907,1,30,女,阳光嘉园11044,11044,10024,6,95,87.38,9.99,0.1,30.13,52.15,80.67,68,39.3,42.77,58.23,141.65,11
267043941,1,,,阳光嘉园11044,11044,10024,6,37.68,34.08,34.21,30,34.22,42.05,51.45,45.18,33.76,31.39,34.99,35.41,11
753022371,1,,,宏建小区5643,5643,5094,6,157.87,136.33,164.33,161.18,185.86,159.12,163.81,198.38,185.83,188.79,165.41,156.04,7
8169771986,1,,,金贵家园小区3835,3835,3460,6,268.28,274.08,165.15,164.46,142.48,149.77,170.88,174.84,189.71,235.93,250.96,294.79,7
8073038500,1,,,海景豪苑6000,6000,5404,7,118.84,110.94,116.48,111.1,178.54,220.94,174.92,262.62,231.24,268.96,261.4,345.08,8
8475057840,1,25,男,雷凯铂院11883,11883,10693,7,75.44,48.34,40.62,60.6,64.15,62.06,71.41,89.61,69.54,76.9,87.28,91.27,9
5665251,3,49,男,高丽花园4560,4560,4096,7,1979.7,281.85,626.55,1468.05,1280.7,1691.55,4790.7,4788,2483.55,1865.85,1676.25,2004.45,11
7920052368,2,,,碧桂园8977,8977,8063,7,143.76,122.96,167.13,224.21,162.3,160.3,161.2,134.49,129.47,141.05,138.02,140.09,1
258355798,1,,,东方俪城10536,10536,9420,7,121.73,55.02,79.9,121.84,73.39,116.82,173.36,171.69,96.52,78.52,107.62,134.45,8
267012945,1,,,天和人家11238,11238,10024,7,116.93,125.54,199.19,154.8,131.77,123.1,124.44,115.75,105.76,108.71,141.1,146.47,10
265177165,1,,,宏伟金都11268,11268,10024,7,207.52,224.48,225.32,281.01,275.57,270.88,329.45,306.2,195.26,189.71,171.8,189.7,8
305637286,3,,,倚山里小区9399,9399,8356,7,183.93,154.32,129.58,127.68,143.64,106.37,128.11,145.9,166,147.69,178.19,268.1,7
7855114917,2,,,城建美庭9105,9105,8063,7,160.7,101.91,88.34,304.99,288.9,13.73,29.45,61.54,20.36,0.03,152.45,343.94,11
258506095,1,,,阳光港湾10681,10681,9420,7,19.83,19.87,25.62,27.37,33.25,44.66,57.25,57.77,11.42,2.31,2.34,2.49,7
8110996161,1,,,万科城6796,6796,5992,7,11.47,11.66,12.34,46.56,83.08,15.46,0.19,134.3,169.9,180.96,174.25,212.18,7
8113804980,1,39,男,碧桂园银河城11445,11445,10084,7,787.12,838.4,687.7,601.05,408.56,583.84,786.54,926.47,448.43,358.73,495.22,738.64,8
8004046303,1,56,男,金地韩府小区4211,4211,3704,7,267.59,239.19,301.73,184.22,145.66,170.41,164.91,234.65,115.67,138.05,154.07,183.53,3
8068062480,1,66,男,紫光福郡8249,8249,7253,7,460.87,395.81,367.61,129,64.8,159.07,244.7,231.79,153.34,298.75,287.77,273.9,3
8102132139,1,51,男,富达园小区6148,6148,5404,7,0.01,0,0.36,11.08,104.44,79.92,80.26,125.38,94.21,102.8,99.07,110.7,6
8026194781,1,,,上东花墅10733,10733,9420,7,4.91,0,3.16,153.19,219.19,134.01,173.23,47.04,69.8,26.1,74.05,198.46,10
8192104937,1,32,男,奥园8036,8036,6993,7,103.23,26.26,18.93,103.5,56.57,106.09,184.63,84.27,102.94,74.91,66.62,70.2,10
8118830928,1,69,男,水岸帝景6240,6240,5404,7,251.19,203.77,109.3,116.7,81.25,114.13,86.75,85.46,124.13,201.23,207.55,233.78,5
8429072266,1,35,男,88号公馆6708,6708,5790,7,344.62,359.36,350.83,537.52,387.31,275.38,277.72,319.6,226.73,391.44,311.55,306.75,4
50160961,1,,,二中小区8774,8774,7564,7,379.78,464.54,478.04,408.45,325.04,291.71,265.49,244.2,249.09,358.97,359.75,432.7,5
131643712,3,,,富虹水月翰宫5250,5250,4525,7,119.09,94.16,83.25,707.83,1661.42,1729.27,1732.87,1875.56,1333.89,1357.44,1823.87,1682.76,7
8244107673,2,31,男,漫步托斯卡纳5367,5367,4559,7,48.47,47.47,50.11,52.66,58.5,58.78,86.36,88.23,64.45,66.26,74.58,71.4,5
8244231860,2,32,男,漫步托斯卡纳5367,5367,4559,7,207.53,164.32,159.41,340.96,142.47,327.15,514.64,489.22,186.74,265.72,225.84,181.22,10
8013431213,1,44,女,良城美景11145,11145,9420,7,0,0,0,0,0,0,0,289.34,265.91,324.44,478.47,528.24,7
8257452450,1,,,西丰水岸家园住宅小区4568,4568,3858,7,93.93,89.85,91.62,0,4.96,8.58,13.79,3.18,14.58,0,77.69,100.69,11
8159537835,1,51,女,锦江林语8962,8962,7564,7,724.47,703.97,613.08,855.6,757.66,791.61,1531.59,1967.33,579.05,1281.64,655.1,848.39,8
8192046833,1,67,男,富甲之邦二期4277,4277,3609,7,458.3,432.54,383.22,346.84,347.6,279.56,286.41,285.73,277.2,289.86,276.75,300.95,9
5495216,3,47,男,欣的家园4880,4880,4096,7,1069.1,966.4,884.4,877.7,923.7,1148.8,1626.8,1346.7,994,836,1050.3,1059,10
5502279,1,,,欣的家园4880,4880,4096,7,236.23,215.14,222.47,221.4,214.44,205.95,190.18,176.78,174.16,196.38,203.6,236.81,10
8194735092,1,29,女,鸿晟园小区6071,6071,5094,7,167.12,277.49,200.38,220.03,174.22,178.23,272.28,469.95,190.88,241.21,215.21,298.52,4
8630103287,1,42,女,天下粮仓20980,20980,17589,7,451.29,193.55,421.89,473.12,452.89,358.69,229.5,93.2,277.65,254.96,252.88,252.84,7
250995590,1,,,南关小区11180,11180,9371,7,152.14,137.88,89.91,90.22,113.47,133.75,344.09,298.59,120.68,116.37,141.7,130.55,8
251274973,1,,,南关小区11180,11180,9371,7,68.27,11.94,84.73,96.91,78.81,89.14,80.3,25.82,100.07,131.3,155.48,172.48,9
251275107,1,45,男,南关小区11180,11180,9371,7,281.15,158.05,89.45,107.94,102.41,108.59,158.6,147.11,83.11,108.88,111.96,352.93,9
8410224711,1,40,女,恒大名都8350,8350,6993,7,458.82,478.94,498.01,604.72,363.54,239.62,261.83,220.66,225.67,305.52,327.81,373.18,2
8102715408,1,69,男,泡崖八区13590,13590,11333,7,539.47,427.54,452.02,509.63,421.25,365.97,406.46,444.42,286.41,110.18,0,0,10
8543864963,1,29,男,碧春园7472,7472,6160,8,197.93,252.65,252.55,341.15,219.73,197.75,243.35,295.61,175.8,263.24,214.68,223.9,5
753060910,3,,,毓秀园小区6179,6179,5094,8,373.19,147.88,392.73,330.48,391.13,358,552.86,399.54,173.32,517.66,176.83,71.11,10
251435835,1,,,金星小区11451,11451,9420,8,124.72,80.37,84.05,29.97,104.45,80.18,78.91,0.01,55.26,63.79,96.97,114.18,5
8211591791,1,53,男,清华苑小区6579,6579,5404,8,224.58,223.86,150.58,134.93,119.85,104.36,195.21,232.39,110.89,155.1,180.88,173.49,3
8088961158,1,59,男,锦绣家园5490,5490,4500,8,12.35,11.42,33.79,31.8,34.31,33.46,8.61,7.55,7.06,7,7.11,13.36,1
732530428,2,,,石化新区7015,7015,5749,8,201.43,208.63,197.62,352.52,173.59,125.53,186.85,271.31,161.09,267.3,193.78,119.69,1
732530905,2,,,石化新区7015,7015,5749,8,154.54,99.35,104.64,89.42,83.25,78.64,94.91,125.08,118.91,141.77,139.37,135.45,7
732530980,2,,,石化新区7015,7015,5749,8,292.07,196.65,158.23,252.56,137.67,131.13,235.11,231.41,128.79,163.35,194.7,381.91,1
8189683973,2,61,女,石化新区7015,7015,5749,8,347.64,343.15,383.23,332.26,306.91,269.41,190.96,166.4,207.11,300.42,352.24,379.12,9
264884750,1,,,保利百合花园东区12247,12247,10024,8,182.36,194.65,231.09,248.25,169.6,121.1,121.53,117.19,20.72,0.34,0,0,5
8262755661,3,47,女,新世纪8174,8174,6678,8,4964.8,1547.2,3831.8,4335.2,4919.6,5396.4,6648.8,6209.4,5397,5076,4899.4,5667,11
8107626879,1,48,男,锦绣澜湾5024,5024,4096,8,377.73,316.26,218.48,220.05,239.9,216.12,301.79,214.82,122.41,348.14,160.19,123.83,8
8176117791,2,,,秦淮人家住宅小区4450,4450,3611,8,95.72,96.8,91.65,80.45,91.17,93.96,115.7,114.1,83.86,100.95,87.7,90.09,1
8103477705,1,,,香格蓝山5342,5342,4306,8,248.07,281.56,266.27,249.66,262.7,252.78,276.07,62.63,40.64,34.73,34.96,31.34,7
8499560409,2,27,男,星河城D区7161,7161,5749,8,105.83,0,30.92,105.69,64.7,33.19,13.12,18.12,39.81,58.57,53,83.84,1
8499566335,2,50,男,星河城D区7161,7161,5749,8,136.86,142.95,141.37,159.54,127,109.76,126.96,142.35,107.01,113.48,102.15,121.89,1
8499566595,2,51,女,星河城D区7161,7161,5749,8,266.1,377.8,223.05,228.1,183.95,168.4,175.07,215.39,143.66,174.19,162.77,221.53,1
8509469986,2,38,男,星河城C区7161,7161,5749,8,314.99,355.01,347.87,509.28,452.17,280.94,302.72,291.44,258.49,347.18,359.94,379.58,1
252228955,1,40,男,永环小区11772,11772,9371,8,193.16,211.14,194.32,179.1,152.8,143.2,210.6,184.65,120.58,159.63,140.03,165.03,7
253864842,3,,,永环小区11772,11772,9371,8,0,0,0,0,1049.35,929.75,855.26,856.79,899.97,891.64,968.54,961.54,4
254018312,3,37,男,永环小区11772,11772,9371,8,1017.18,181.61,973.4,1123.9,1225.97,2003.82,2861.19,2972.26,1723.29,1408.14,1421.99,1460.71,7
52120901,1,,,九江公寓8682,8682,6868,8,147.72,289.53,241.43,297.31,158.3,218.88,324.6,402.19,160.63,231.45,193.2,295.22,9
8417926379,1,60,男,保利香槟花园小区5757,5757,4543,8,206.14,199.07,159.75,157.14,133.44,129.66,227.68,257.54,142.11,159.87,125.21,126.21,9
8425690859,2,35,男,雷明锦程10328,10328,8063,8,261.55,312.45,268.64,235.57,250.51,200.57,205.54,191.68,201.15,213.24,216.16,216.26,11
8430650925,1,,,阳光上城小区4444,4444,3460,8,192.04,230.15,212.54,153.3,165.66,152.93,181.8,189.06,123.5,199.47,188.61,148.19,4
8418757080,1,28,女,富邦一品9003,9003,6993,8,332.61,381.15,359.63,336.67,318.02,282.66,335.52,322.48,223.97,248.37,312.31,314.76,9
8418767560,1,65,男,富邦一品9003,9003,6993,8,235.3,148.24,185.85,253.02,161.68,114.71,126.68,114.84,104.01,38.47,0,0,9
8111960842,2,,,新弘国际城一期4684,4684,3611,8,237.09,188.85,206.07,199.3,170.56,129.49,144.26,153.16,120.82,158.83,148.66,154.54,2
8547438339,1,,,青橙社区小区6542,6542,5035,8,97.26,90.02,97.44,84.81,77.89,82.83,78.82,76.66,72.19,76.21,91.47,101.14,6
8000312198,1,,,逸景园小区9834,9834,7564,9,696.76,691.26,514.54,542.35,470.19,345.41,334.06,406.27,392.68,402.42,361.41,358.78,10
261252125,1,,,太平庄小区13976,13976,10693,9,150.66,187.71,201.7,146.36,172.55,162,183.56,208.38,178.63,254.02,238.29,279.93,7
8049014792,1,,,欧尚一品13208,13208,10024,9,0,0,0,0,0,0,0,0,0,205.76,165.63,213.91,8
8160936069,1,,,金辉新天第5070,5070,3822,9,597.68,741.42,406.39,365.08,119.89,292.07,527.39,468.04,214.4,295.01,462.39,980.54,1
8136674111,2,33,男,方大誉峰5738,5738,4321,9,1074.15,1237.02,652.61,673.91,227.36,219.02,237.38,233.98,128.76,388.24,108.19,77.8,18
8474926895,1,38,女,顶盛国际花园9397,9397,6993,9,160.14,0,0,207,153.81,146.43,164.51,163.61,186.01,318.91,280.56,288.27,8
8422740229,3,28,男,孔雀城2.1期9411,9411,6993,9,752.09,285.21,159.2,566.44,738.7,809.74,1130.78,1291.14,742.78,786.98,795.09,898.85,10
8526524390,1,34,男,皇冠壹品8077,8077,5992,9,322.53,387.25,409.3,362.41,286.54,261.88,273.37,238.09,208.5,283.03,281.08,337.03,10
8124807619,1,31,男,城润万家11272,11272,8356,9,145.76,206.89,208.78,226.3,217.83,164.32,185.85,203.43,156.7,138.39,161.81,236.1,7
8542607695,1,48,男,金鼎状元城6147,6147,4500,9,0,0,0,0,0.01,0,0,13.43,0,0,19.13,0,2
8116371117,1,22,男,山河秀11585,11585,8356,9,211.08,209.84,196.51,202.73,184.31,142.35,0.08,13.33,25.6,142.35,296.59,272.22,8
7855342095,2,,,人杰水岸11197,11197,8063,9,211.66,167.66,267.5,291.73,264.01,186.36,199.83,209.01,156.22,177.36,180.6,226.91,4
8590713658,1,50,男,御澜山D区8078,8078,5749,10,0.16,0,0.08,0.07,0.08,0.02,0.01,0.01,0,37.8,13.58,60.71,10
8217757511,1,,,万达华府7544,7544,5355,10,170.06,213.02,78.54,33.68,35.48,38.9,41.61,42.16,39.47,44.25,44.04,28.41,3
8582888649,1,33,男,上海新城小区6488,6488,4589,10,13.58,0,0.69,3.87,0.73,0,0.03,0.08,0.03,0.36,0.87,1.18,11
310316352,1,,,名仕苑26639,26639,18734,10,340.82,332.18,330.81,336.05,306.8,270.78,275.24,307.12,220.14,239.78,277.93,319.64,2
8158672546,2,49,男,诺维溪谷16149,16149,11333,10,417.97,472.87,463.29,563.87,497.64,357.15,378.35,525.37,329.34,349.43,361.78,399.1,5
8085134203,1,,,远东嘉山水二期8570,8570,5992,10,0,0,0.06,1.08,0.47,0.02,69.88,87.75,49.38,35.5,36.49,91.87,1
7411186154,3,,,辰宇新村小区8085,8085,5652,10,173.2,135.71,104.86,190.33,135.24,67.78,280.38,216.43,63.67,68.23,63.11,77.28,5
8547574350,1,53,男,保工印象14365,14365,10024,10,123.77,141.6,102.65,93.42,199.08,244.48,639.77,516.69,203.64,376.56,223.2,189.74,10
8444255462,1,,,隆河谷小区10061,10061,6993,10,280.63,291.29,179.57,1.37,13.85,0.82,0,94.48,234.67,237.13,179.7,262.71,8
7855593103,2,,,汇置尚都11663,11663,8063,10,275.93,270.1,299.2,288.94,280.46,299.4,404.95,370.08,220.72,261.41,240.88,217.54,5
8096862843,1,50,男,鑫丰御景华庭14569,14569,10024,10,174.57,166.27,193.32,141.28,157.84,243.66,513.01,615.68,190.12,143.56,151.59,149.58,11
8055763723,1,37,女,其仕郡小区14633,14633,10024,10,0,0,0.01,0,0,0,0.01,0,0.05,0.27,0.4,3.65,9
8069358083,1,51,女,名仕家园11048,11048,7564,10,289.7,281.02,242.41,206.52,197.95,170.09,221.04,256.5,178.24,240.13,223.63,250.28,8
8017577326,2,56,男,万科溪之谷16766,16766,11333,10,330.48,335.22,435.71,316.23,367.97,314.16,407.8,561.42,282.07,271.65,318.96,394.66,11
8066705756,2,66,男,万科溪之谷16766,16766,11333,10,151.55,142.1,149,137.8,132.93,116.39,112.74,122.62,117.92,130.84,157.36,187.25,11
310363996,3,,,东财27991,27991,18734,10,106.76,149.36,435.99,552.32,663.53,716.22,782.96,688.15,709.19,642.71,553.61,550.72,9
8544768501,1,29,男,金域国际6448,6448,4306,10,127.61,192.68,154.52,181.29,145.57,149.75,145.76,166.83,105.93,130.67,165.45,133.3,10
8125231806,2,66,男,中冶蓝城辛虹园17253,17253,11333,11,254.79,265.27,251.34,187.29,124.85,124.14,108.29,103.67,84.86,91.98,129.87,211.09,8
8191576319,5,50,男,奉天九里一期18952,18952,12272,11,3734.45,2886.61,2509.27,2210.18,1484.28,1876.86,3190.02,2750.75,1391.42,3028.75,3015.78,3849.88,4
8176583600,1,43,男,华润置地广场15672,15672,10024,11,290.81,283.34,340.97,435.69,234.49,358.77,444.46,407.91,174.15,33.75,122.22,276.96,11
8198337322,1,56,男,首创象墅8459,8459,5404,11,138.57,175.28,154.03,104.43,53.62,55.36,62.31,35.38,140.67,192.81,206.66,169.64,9
8199188123,1,27,女,首创象墅8459,8459,5404,11,80,95.38,97.31,161.9,72.3,65.98,79.55,120.84,59.08,65.1,67.13,64.85,10
8548873461,3,36,女,德商国际花园小区6530,6530,4096,11,86,49.7,156.1,101.9,70.8,82.8,117.9,189.8,93.3,160.8,199.8,209.1,11
8498291753,1,36,男,马总花园11394,11394,6993,11,19.31,0.01,49.3,9.49,27.44,9.66,0,18.58,141.53,181.87,314.45,2.06,8
8498435423,3,25,男,马总花园11394,11394,6993,11,1039.74,53.75,268.62,559.71,1111.53,1205.48,1165.47,1090.24,960.68,1044.83,893.73,883.25,10
8145454593,1,39,女,北环怡景花园小区7423,7423,4418,11,253.52,249.86,259.96,248.24,236.98,154.65,116.58,161.85,118.56,217.77,212.96,240.97,5
8248211875,1,25,男,橡树湾18180,18180,10693,11,0,0,0,0,2.68,144.91,136.96,80.49,44.06,0,0,40.16,11
8410874857,1,34,男,新世界朗悦居10350,10350,5992,11,392.83,414.56,437.87,502.76,404.89,361.75,482.81,492.49,306.51,434.87,379.26,445.37,5
270960077,1,54,男,河畔一期12375,12375,6993,11,0,0.98,4.94,4.99,5.03,6.81,9.49,7.98,8.21,5.72,6.56,6.19,8
271017093,1,45,女,河畔三期12375,12375,6993,11,304.05,288.32,296.45,286.76,291.13,243.75,271.77,234.65,183.06,194.26,216.49,0,11
271024268,1,36,男,河畔三期12375,12375,6993,11,136.36,118.95,197.36,199.24,147.91,136.74,124.8,115.41,83.54,112.4,132.13,157.21,5
8546195411,1,,,公园里小区12581,12581,6993,11,95.9,103.93,91.17,122.78,149.32,105.32,165.14,186.2,127.25,139.14,123.43,129.97,5
264507156,1,,,水木清华小区19272,19272,10693,11,336.08,355,408.47,361.85,369.31,319.92,395.87,335.05,88.94,158.85,155.34,115.43,10
8078734706,1,63,男,长白新城12605,12605,6993,11,278.29,314.6,311.63,435.73,306.73,240.74,207.82,154.01,173.21,350.45,238.14,278.78,1
8553517020,1,,,长河湾12684,12684,6993,11,0,0,1.22,2.33,2.64,0,2.95,153.41,115.07,177.84,134.64,81.14,1
303454991,1,,,中心小区8185,8185,4418,11,211.18,285.48,186.63,119.72,112.41,119.23,132.51,134.63,108.37,98.49,129.67,271.83,7
8241697616,1,57,女,凤凰城小区18956,18956,10084,11,0,0,0,0,0,0,0,0,0,56.37,60.29,63.56,8
8441836820,1,56,男,龙栖谷8460,8460,4418,11,258.6,401.76,468.78,286.73,227.44,196.37,243.55,253.03,188.14,228.09,241.39,333.36,8
8091449513,1,50,男,水果新城小区8576,8576,4418,11,16.49,2.53,2.71,2.62,2.71,2.62,2.74,2.71,2.71,154.56,2.47,3.38,10
8153691218,7,59,男,杏树小区8580,8580,4418,11,258.65,282.86,313.1,174.69,221.63,289.72,370.1,217.91,173.23,199.9,164.17,193.41,8
7567644643,2,,,保利十二橡树庄园18244,18244,9352,11,30.62,0.52,26.3,125.62,164.55,63.26,354.36,272.7,201.75,329.03,418.29,512.97,8
7567646580,2,,,保利十二橡树庄园18244,18244,9352,11,263.58,186.12,278.26,765.38,443.29,271.78,321.48,328.61,225.94,446.77,284.63,78.23,5
7567646694,2,,,保利十二橡树庄园18244,18244,9352,11,919.45,605.97,435.36,339.99,333.61,285.4,396.5,614.03,379.16,349.8,320.82,904.63,8
7567646737,2,,,保利十二橡树庄园18244,18244,9352,11,7659.56,10186.88,6350.8,3539.04,2706.95,2876.01,3781.77,3481.03,2721.35,6266.69,8583.52,10057.26,8
7567647176,2,,,保利十二橡树庄园18244,18244,9352,11,1398.75,1600.02,1606.18,1581.77,855.85,294.59,538.59,661.22,238.24,280.9,398.47,247.44,8
7567648384,2,,,保利十二橡树庄园18244,18244,9352,11,360.18,358.44,258.54,228.14,196.83,196.52,266.3,282.14,191.07,196,273.75,377.23,6
26529152,3,35,男,中学小区8000,8000,4050,11,2397.6,638.25,255.15,209.55,302.4,1859.25,3367.2,3369.9,2426.4,2130,1979.85,3180.45,1
250373868,1,,,六合小区18566,18566,9371,11,0,0,117.88,234.83,141.44,71.92,98.47,96.39,102.94,172.03,144.05,204.62,2
8158496733,1,35,男,华润海中国16690,16690,8356,11,170.68,161.64,143.94,160.84,140.47,127.31,127.19,134.02,122.48,153.88,159.5,173.15,10
8116058566,2,57,男,中体奥林匹克花园22674,22674,11333,11,236.75,177.03,321.71,341.43,329.12,306.45,264.96,175.24,277.59,327.23,342.2,358.27,11
8273228998,3,59,男,御苑小区18033,18033,8356,11,584.44,428.7,570.88,729.33,833.49,907.43,1033.18,1415.6,1112.99,935.62,894,849.86,1
8119906086,1,34,男,保利-海上五月花20599,20599,9420,11,547.43,494.19,549.82,527.03,419.94,364.46,339.95,315.15,333.74,395.59,367.28,411.94,5
8126174461,1,42,男,丽湾国际小区17584,17584,6993,11,541.27,624.9,330.89,193.29,66.09,0.26,20.85,63.1,73.93,0,0,0,10
8029241972,1,45,女,格林生活坊小区17969,17969,6993,11,0.26,0.12,0.02,3.48,60.86,38.27,31.99,63.9,51.46,51.89,42.92,47.27,10
8205085466,1,45,男,梦想逸居小区20016,20016,6993,11,154.1,255.23,262.09,282.44,186.04,189.29,113.64,100.59,108.95,119.46,132.02,149.37,10
8205086603,1,37,男,梦想逸居小区20016,20016,6993,11,273.32,357.63,380.09,333.64,268.49,225.59,260.29,243.15,210.67,296.62,286.26,317.89,12
8205070532,3,39,男,远洋天地一期20437,20437,6993,11,1944.62,164.32,205.28,1797.96,1382.78,1839.61,3066.09,1028.06,146.55,830.36,4885.01,5072.63,11
8549842798,1,31,男,龙湖唐宁20587,20587,6993,11,117.53,218.01,139.62,217.08,175.21,139.58,161.64,169.19,91.51,129.53,102.24,172.25,5
